pairing_id,session_id,question1,question2,question3,question4,question5,question6,question7,question8,question9,question10,question11,question12,question13,question14,question15,question16,question17,question18,question19,question20,question21,question22,question23,question24,question25,question26,question27,question28,question29,question30,question31,question32,question33,question34,question35,question36,total_wai_task,total_wai_bond,total_wai_goal,composite_wai
1,1,Often,Never,Rarely,Never,Rarely,Never,Sometimes,Sometimes,Often,Always,Very Often,Always,Occasionally,Never,Very Often,Never,Often,Very Often,Sometimes,Sometimes,Never,Never,Sometimes,Never,Never,Rarely,Always,Never,Never,Never,Often,Never,Often,Very Often,Never,Sometimes,28,41,20,89
1,2,Sometimes,Never,Never,Never,Rarely,Never,Sometimes,Often,Rarely,Often,Very Often,Very Often,Often,Never,Always,Never,Often,Often,Often,Rarely,Never,Never,Sometimes,Never,Never,Rarely,Always,Never,Never,Never,Sometimes,Never,Often,Sometimes,Never,Often,29,47,29,105
2,1,Rarely,Never,Never,Never,Rarely,Rarely,Never,Sometimes,Rarely,Always,Very Often,Often,Often,Never,Often,Never,Sometimes,Very Often,Often,Never,Never,Never,Rarely,Never,Never,Rarely,Always,Never,Never,Never,Often,Never,Often,Never,Never,Sometimes,34,45,32,111
2,2,Often,Never,Never,Never,Rarely,Always,Never,Sometimes,Never,Always,Always,Very Often,Sometimes,Never,Very Often,Never,Occasionally,Always,Sometimes,Never,Never,Never,Rarely,Never,Never,Never,Always,Never,Never,Never,Very Often,Never,Very Often,Never,Never,Rarely,30,37,37,104
4,1,Often,Never,Often,Rarely,Never,Never,Often,Sometimes,Very Often,Often,Very Often,Very Often,Never,Never,Often,Never,Often,Occasionally,Rarely,Sometimes,Never,Never,Rarely,Never,Never,Never,Very Often,Never,Never,Never,Very Often,Never,Often,Always,Never,Sometimes,23,35,19,77
4,2,Always,Never,Always,Never,Never,Never,Often,Rarely,Always,Very Often,Always,Always,Never,Never,Very Often,Never,Rarely,Often,Rarely,Very Often,Never,Never,Never,Never,Never,Never,Always,Sometimes,Never,Never,Always,Never,Very Often,Always,Never,Rarely,20,20,13,53
5,1,Often,Never,Always,Never,Never,Rarely,Very Often,Sometimes,Very Often,Often,Always,Always,Never,Sometimes,Often,Never,Often,Never,Occasionally,Rarely,Never,Never,Occasionally,Rarely,Never,Never,Very Often,Never,Never,Never,Always,Never,Very Often,Always,Never,Often,17,40,20,77
7,1,Often,Always,Occasionally,Always,Always,Always,Never,Often,Never,Never,Never,Never,Always,Always,Never,Always,Always,Always,Always,Never,Always,Always,Very Often,Always,Always,Always,Rarely,Always,Never,Often,Never,Always,Never,Never,Always,Always,84,65,79,228
7,2,Very Often,Often,Always,Always,Very Often,Often,Occasionally,Sometimes,Rarely,Rarely,Never,Never,Very Often,Always,Never,Rarely,Often,Very Often,Often,Never,Rarely,Often,Sometimes,Very Often,Very Often,Often,Never,Always,Never,Occasionally,Very Often,Very Often,Never,Very Often,Sometimes,Often,64,47,61,172
7,3,Often,Occasionally,Always,Very Often,Rarely,Sometimes,Often,Sometimes,Sometimes,Often,Often,Very Often,Very Often,Always,Never,Never,Very Often,Always,Very Often,Sometimes,Rarely,Sometimes,Often,Always,Rarely,Sometimes,Often,Always,Never,Rarely,Always,Very Often,Sometimes,Very Often,Never,Always,49,45,40,134
7,4,Very Often,Sometimes,Always,Always,Always,Often,Often,Rarely,Often,Sometimes,Often,Never,Very Often,Always,Never,Never,Occasionally,Always,Sometimes,Often,Never,Often,Rarely,Always,Never,Rarely,Never,Always,Never,Occasionally,Always,Often,Often,Always,Never,Sometimes,50,32,49,131
8,1,Always,Never,Always,Never,Never,Never,Always,Never,Always,Always,Always,Always,Never,Always,Always,Never,Never,Never,Never,Never,Never,Never,Never,Never,Never,Never,Always,Never,Always,Never,Always,Never,Always,Always,Never,Never,12,30,18,60
10,1,Never,Always,Never,Never,Always,Always,Never,Always,Never,Never,Never,Never,Always,Always,Never,Never,Always,Always,Always,Never,Always,Always,Always,Always,Never,Always,Never,Often,Never,Always,Never,Never,Never,Never,Always,Always,72,74,72,218
10,2,Never,Always,Never,Never,Always,Always,Never,Always,Never,Never,Never,Never,Always,Always,Never,Always,Always,Always,Always,Never,Always,Always,Always,Always,Never,Always,Never,Often,Never,Always,Never,Always,Never,Never,Always,Always,78,74,78,230
10,3,Never,Always,Never,Never,Always,Always,Never,Always,Never,Never,Never,Never,Always,Always,Never,Very Often,Always,Always,Always,Never,Always,Always,Always,Always,Never,Always,Never,Very Often,Never,Always,Never,Never,Never,Never,Always,Always,77,73,72,222
10,4,Never,Always,Never,Sometimes,Always,Always,Never,Always,Never,Never,Never,Never,Always,Always,Never,Very Often,Always,Always,Always,Never,Always,Always,Always,Always,Rarely,Always,Never,Often,Never,Always,Never,Very Often,Never,Never,Always,Always,80,74,78,232
11,1,Occasionally,Rarely,Never,Never,Sometimes,Rarely,Never,Sometimes,Sometimes,Very Often,Sometimes,Often,Always,Sometimes,Occasionally,Never,Sometimes,Very Often,Very Often,Occasionally,Rarely,Never,Sometimes,Never,Never,Rarely,Always,Never,Never,Never,Sometimes,Never,Sometimes,Sometimes,Rarely,Sometimes,44,48,31,123
11,2,Often,Never,Sometimes,Never,Rarely,Never,Occasionally,Sometimes,Often,Always,Very Often,Very Often,Very Often,Rarely,Often,Never,Sometimes,Always,Sometimes,Rarely,Rarely,Never,Sometimes,Never,Never,Rarely,Always,Never,Never,Never,Often,Never,Often,Sometimes,Never,Sometimes,34,43,22,99
11,3,Very Often,Never,Often,Never,Never,Rarely,Often,Occasionally,Very Often,Always,Always,Very Often,Rarely,Rarely,Often,Never,Sometimes,Sometimes,Rarely,Often,Never,Never,Rarely,Never,Never,Never,Always,Never,Never,Never,Always,Never,Very Often,Often,Never,Rarely,21,29,20,70
12,1,Always,Never,Always,Never,Never,Never,Always,Never,Always,Always,Always,Always,Never,Never,Always,Never,Never,Never,Never,Never,Never,Never,Never,Never,Never,Never,Always,Never,Always,Never,Always,Never,Always,Always,Never,Never,12,30,12,54
14,1,Often,Never,Always,Rarely,Rarely,Never,Sometimes,Sometimes,Often,Very Often,Often,Very Often,Rarely,Occasionally,Occasionally,Never,Very Often,Often,Occasionally,Never,Never,Never,Rarely,Never,Never,Rarely,Always,Never,Never,Never,Very Often,Never,Often,Always,Never,Often,30,43,18,91
15,1,Always,Never,Always,Never,Never,Never,Very Often,Rarely,Always,Always,Always,Always,Never,Rarely,Very Often,Never,Occasionally,Often,Never,Often,Never,Never,Never,Never,Never,Never,Always,Never,Always,Never,Always,Never,Very Often,Always,Never,Rarely,19,30,13,62
16,1,Often,Never,Always,Never,Never,Never,Rarely,Sometimes,Very Often,Often,Always,Very Often,Never,Never,Often,Never,Often,Very Often,Sometimes,Never,Never,Never,Sometimes,Never,Never,Rarely,Very Often,Never,Never,Never,Always,Never,Rarely,Always,Never,Often,29,44,17,90
18,1,Sometimes,Never,Always,Never,Rarely,Occasionally,Sometimes,Sometimes,Very Often,Sometimes,Always,Often,Sometimes,Rarely,Often,Never,Often,Often,Very Often,Never,Rarely,Never,Sometimes,Never,Never,Sometimes,Often,Often,Never,Never,Always,Rarely,Often,Very Often,Never,Often,26,47,25,98
18,2,Always,Never,Always,Never,Never,Never,Very Often,Rarely,Always,Always,Always,Always,Rarely,Never,Very Often,Never,Rarely,Sometimes,Never,Sometimes,Never,Never,Never,Never,Never,Never,Always,Rarely,Never,Never,Always,Never,Very Often,Always,Never,Rarely,19,23,12,54
19,1,Never,Always,Rarely,Very Often,Always,Always,Never,Very Often,Never,Never,Never,Never,Always,Always,Never,Very Often,Always,Always,Always,Never,Very Often,Always,Very Often,Always,Always,Very Often,Never,Often,Never,Always,Never,Always,Never,Never,Always,Very Often,82,69,83,234
19,2,Never,Always,Never,Always,Always,Always,Never,Always,Never,Never,Never,Never,Always,Always,Never,Always,Always,Always,Always,Never,Always,Always,Always,Always,Always,Always,Never,Very Often,Never,Always,Never,Always,Never,Never,Always,Very Often,84,72,84,240
19,3,Never,Always,Never,Always,Always,Always,Never,Always,Never,Never,Never,Never,Always,Always,Never,Always,Always,Always,Always,Never,Always,Always,Always,Always,Always,Always,Never,Always,Never,Always,Never,Always,Never,Never,Always,Always,84,72,84,240
19,4,Never,Always,Never,Always,Always,Always,Never,Always,Never,Never,Never,Never,Always,Always,Never,Always,Always,Always,Always,Never,Always,Always,Always,Always,Always,Always,Never,Very Often,Never,Always,Never,Always,Never,Never,Always,Very Often,84,72,84,240
20,1,Always,Never,Always,Never,Never,Never,Always,Never,Always,Always,Always,Always,Never,Never,Always,Never,Never,Never,Never,Never,Never,Never,Never,Never,Never,Never,Always,Never,Never,Never,Always,Never,Always,Always,Never,Never,12,24,12,48
22,1,Always,Never,Always,Never,Never,Never,Never,Never,Never,Always,Always,Always,Always,Never,Always,Never,Rarely,Always,Never,Often,Never,Never,Never,Never,Never,Never,Always,Never,Often,Never,Always,Never,Always,Always,Never,Never,30,25,18,73
23,1,Often,Never,Very Often,Never,Rarely,Rarely,Rarely,Never,Sometimes,Always,Very Often,Very Often,Always,Never,Often,Never,Never,Always,Rarely,Always,Never,Never,Never,Never,Never,Never,Always,Never,Never,Never,Very Often,Never,Often,Sometimes,Never,Never,35,22,21,78
24,1,Very Often,Never,Occasionally,Never,Never,Never,Rarely,Rarely,Always,Always,Always,Always,Rarely,Never,Always,Never,Occasionally,Very Often,Never,Often,Never,Never,Never,Never,Never,Never,Always,Never,Rarely,Never,Always,Never,Very Often,Never,Never,Rarely,24,26,22,72
26,1,Very Often,Never,Always,Never,Never,Never,Very Often,Never,Always,Sometimes,Always,Always,Never,Never,Very Often,Never,Never,Rarely,Rarely,Always,Never,Never,Never,Never,Never,Never,Often,Never,Sometimes,Never,Always,Never,Very Often,Always,Never,Never,16,23,17,56
27,1,Very Often,Never,Always,Never,Never,Never,Very Often,Occasionally,Always,Always,Always,Very Often,Never,Never,Often,Never,Sometimes,Always,Rarely,Often,Never,Never,Rarely,Never,Never,Never,Very Often,Rarely,Never,Never,Always,Never,Very Often,Always,Never,Sometimes,22,30,14,66
28,1,Always,Never,Always,Never,Never,Never,Always,Never,Always,Always,Always,Always,Never,Never,Always,Never,Never,Always,Never,Never,Never,Never,Never,Never,Never,Never,Always,Never,Always,Never,Always,Never,Always,Always,Never,Never,18,30,12,60
30,1,Never,Always,Sometimes,Always,Always,Always,Never,Very Often,Never,Never,Never,Never,Always,Always,Never,Always,Always,Always,Always,Never,Always,Always,Always,Always,Always,Always,Never,Always,Never,Always,Never,Always,Never,Never,Always,Always,84,71,81,236
30,2,Never,Always,Very Often,Always,Always,Always,Rarely,Very Often,Never,Never,Never,Never,Very Often,Always,Never,Often,Always,Always,Always,Never,Often,Always,Very Often,Always,Always,Very Often,Never,Always,Never,Very Often,Occasionally,Always,Rarely,Sometimes,Always,Always,77,67,75,219
30,3,Never,Always,Sometimes,Always,Always,Always,Never,Always,Never,Never,Never,Never,Always,Always,Never,Very Often,Always,Always,Always,Never,Always,Always,Always,Always,Always,Always,Never,Always,Never,Always,Sometimes,Always,Never,Sometimes,Always,Always,80,72,78,230
30,4,Never,Always,Sometimes,Always,Always,Always,Never,Always,Never,Never,Never,Never,Always,Always,Never,Very Often,Always,Very Often,Always,Never,Always,Always,Always,Always,Always,Always,Never,Always,Never,Very Often,Sometimes,Always,Never,Sometimes,Always,Always,79,72,77,228
31,1,Always,Never,Always,Never,Never,Never,Often,Rarely,Always,Often,Always,Always,Never,Always,Always,Never,Sometimes,Never,Never,Often,Never,Never,Never,Never,Never,Never,Always,Sometimes,Rarely,Never,Always,Never,Very Often,Always,Never,Rarely,15,23,20,58
32,1,Always,Never,Always,Never,Never,Never,Very Often,Never,Always,Always,Always,Always,Never,Always,Always,Never,Never,Never,Never,Never,Never,Never,Never,Never,Never,Never,Always,Never,Always,Never,Always,Never,Always,Always,Never,Never,13,30,18,61
34,1,Often,Never,Never,Never,Never,Never,Often,Never,Often,Always,Always,Always,Always,Never,Always,Never,Never,Always,Never,Always,Never,Never,Never,Never,Never,Never,Always,Never,Never,Never,Always,Never,Always,Always,Never,Never,26,20,20,66
34,2,Often,Never,Never,Never,Never,Never,Rarely,Never,Never,Always,Always,Always,Always,Never,Always,Never,Never,Very Often,Never,Very Often,Never,Never,Never,Never,Never,Never,Always,Never,Never,Never,Very Often,Never,Always,Never,Never,Never,29,21,30,80
34,3,Always,Never,Never,Never,Never,Never,Rarely,Never,Never,Always,Always,Always,Always,Never,Always,Never,Never,Always,Never,Always,Never,Never,Never,Never,Never,Never,Always,Never,Never,Never,Always,Never,Always,Never,Never,Never,29,18,30,77
34,4,Always,Never,Rarely,Never,Never,Never,Rarely,Never,Never,Always,Always,Always,Always,Never,Always,Never,Never,Always,Never,Always,Never,Never,Never,Never,Never,Never,Always,Never,Never,Never,Always,Never,Always,Never,Never,Never,29,18,29,76
35,1,Always,Never,Very Often,Never,Never,Never,Always,Never,Never,Always,Always,Always,Always,Never,Always,Never,Never,Very Often,Never,Always,Never,Never,Never,Never,Never,Never,Always,Never,Never,Never,Always,Never,Always,Never,Never,Never,23,18,25,66
35,2,Always,Never,Always,Never,Never,Always,Never,Never,Never,Always,Always,Never,Always,Never,Always,Never,Never,Always,Never,Always,Never,Never,Never,Never,Never,Never,Always,Never,Always,Never,Always,Never,Always,Never,Never,Never,30,24,36,90
35,3,Always,Never,Sometimes,Never,Never,Always,Often,Rarely,Never,Always,Always,Very Often,Always,Never,Always,Never,Never,Always,Never,Often,Never,Never,Never,Never,Never,Never,Always,Never,Often,Never,Always,Never,Always,Rarely,Never,Never,26,25,33,84
35,4,Always,Never,Always,Never,Never,Always,Never,Never,Never,Always,Always,Always,Always,Never,Always,Never,Never,Always,Never,Always,Never,Never,Never,Never,Never,Never,Always,Never,Often,Never,Always,Never,Always,Never,Never,Never,30,22,30,82
36,1,Always,Never,Never,Never,Never,Never,Never,Never,Never,Always,Always,Always,Never,Never,Always,Never,Never,Always,Never,Never,Never,Never,Never,Never,Never,Never,Always,Never,Never,Never,Always,Never,Always,Never,Never,Never,24,24,30,78
38,1,Always,Never,Always,Never,Never,Never,Very Often,Rarely,Always,Always,Always,Always,Rarely,Never,Always,Never,Rarely,Often,Never,Very Often,Never,Never,Never,Never,Never,Never,Always,Never,Sometimes,Never,Always,Never,Always,Always,Never,Never,18,24,12,54
38,2,Always,Never,Always,Never,Never,Never,Rarely,Never,Often,Always,Always,Always,Very Often,Never,Always,Never,Never,Always,Never,Very Often,Never,Never,Never,Never,Never,Never,Always,Never,Always,Never,Always,Never,Always,Always,Never,Never,28,25,14,67
39,1,Very Often,Never,Rarely,Never,Never,Never,Very Often,Rarely,Always,Often,Always,Very Often,Never,Never,Often,Never,Rarely,Rarely,Rarely,Often,Never,Never,Rarely,Never,Never,Never,Very Often,Never,Sometimes,Never,Always,Never,Very Often,Very Often,Never,Rarely,17,29,22,68
39,2,Very Often,Never,Often,Never,Rarely,Never,Often,Occasionally,Always,Very Often,Always,Very Often,Never,Never,Very Often,Never,Sometimes,Rarely,Rarely,Often,Never,Never,Rarely,Never,Never,Never,Always,Rarely,Never,Never,Always,Never,Very Often,Always,Never,Sometimes,17,31,16,64
39,3,Very Often,Never,Often,Never,Never,Never,Very Often,Rarely,Always,Often,Always,Very Often,Rarely,Never,Always,Never,Occasionally,Sometimes,Never,Often,Never,Never,Rarely,Never,Never,Never,Always,Never,Sometimes,Never,Always,Never,Very Often,Never,Never,Rarely,18,29,23,70
39,4,Very Often,Never,Often,Never,Never,Never,Always,Occasionally,Always,Always,Always,Always,Never,Never,Always,Never,Rarely,Sometimes,Never,Very Often,Never,Never,Rarely,Never,Never,Never,Always,Never,Never,Never,Always,Never,Always,Always,Never,Rarely,15,25,14,54
40,1,Always,Never,Often,Never,Never,Never,Sometimes,Never,Always,Always,Always,Always,Never,Never,Always,Never,Never,Rarely,Never,Always,Never,Never,Never,Never,Never,Never,Always,Never,Rarely,Never,Always,Never,Very Often,Always,Never,Never,17,19,14,50
40,2,Always,Never,Never,Never,Never,Never,Never,Rarely,Always,Always,Always,Always,Always,Never,Always,Never,Never,Always,Never,Very Often,Never,Never,Never,Never,Never,Never,Always,Never,Never,Never,Always,Never,Always,Never,Never,Never,30,20,24,74
42,1,Always,Never,Always,Never,Never,Rarely,Often,Never,Often,Always,Always,Always,Never,Always,Always,Never,Never,Rarely,Never,Always,Never,Never,Never,Never,Never,Never,Always,Sometimes,Never,Never,Always,Never,Always,Always,Never,Never,15,15,21,51
43,1,Always,Never,Always,Never,Never,Never,Very Often,Rarely,Always,Always,Always,Always,Never,Rarely,Always,Never,Occasionally,Always,Never,Very Often,Never,Never,Never,Never,Never,Never,Always,Never,Often,Never,Always,Never,Very Often,Always,Never,Rarely,20,27,13,60
44,1,Always,Never,Always,Never,Never,Never,Always,Never,Always,Always,Always,Always,Never,Never,Always,Never,Never,Often,Never,Never,Never,Never,Never,Never,Never,Never,Always,Never,Always,Never,Always,Never,Always,Always,Never,Never,16,30,12,58
46,1,Sometimes,Never,Never,Never,Sometimes,Never,Never,Rarely,Never,Always,Always,Always,Never,Never,Always,Never,Never,Always,Rarely,Always,Never,Never,Never,Never,Never,Never,Always,Never,Never,Never,Rarely,Never,Often,Never,Never,Never,31,26,30,87
46,2,Never,Never,Never,Never,Always,Always,Never,Never,Never,Always,Always,Never,Always,Never,Always,Never,Never,Always,Rarely,Always,Never,Never,Never,Never,Never,Never,Always,Never,Never,Never,Rarely,Never,Often,Never,Never,Never,37,31,42,110
46,3,Never,Never,Never,Never,Very Often,Always,Never,Never,Never,Always,Never,Never,Always,Always,Never,Never,Never,Always,Never,Never,Never,Never,Never,Never,Never,Never,Always,Never,Never,Never,Never,Never,Rarely,Never,Never,Never,53,35,48,136
46,4,Never,Never,Never,Never,Always,Always,Never,Never,Never,Always,Never,Never,Always,Never,Always,Never,Never,Always,Never,Never,Never,Never,Never,Never,Never,Never,Always,Never,Never,Never,Never,Never,Never,Never,Often,Never,52,36,42,130
47,1,Often,Never,Never,Never,Never,Never,Sometimes,Occasionally,Very Often,Always,Always,Always,Never,Never,Always,Never,Sometimes,Rarely,Rarely,Often,Never,Never,Rarely,Never,Never,Never,Always,Never,Sometimes,Never,Always,Never,Very Often,Always,Never,Rarely,17,33,19,69
48,1,Very Often,Never,Never,Never,Never,Never,Never,Rarely,Never,Always,Always,Always,Never,Never,Always,Never,Rarely,Rarely,Never,Always,Never,Never,Never,Never,Never,Never,Always,Never,Never,Never,Always,Never,Very Often,Never,Never,Never,20,21,30,71
49,1,Always,Never,Often,Never,Always,Never,Never,Never,Never,Never,Always,Always,Never,Never,Always,Never,Never,Never,Never,Never,Never,Never,Never,Never,Never,Never,Never,Never,Never,Never,Often,Never,Never,Never,Never,Never,26,30,38,94
51,1,Sometimes,Never,Always,Never,Rarely,Never,Never,Rarely,Occasionally,Very Often,Often,Very Often,Always,Rarely,Sometimes,Never,Sometimes,Always,Occasionally,Often,Never,Never,Rarely,Never,Never,Never,Always,Never,Never,Never,Often,Never,Often,Never,Never,Rarely,39,32,25,96
51,2,Often,Never,Always,Never,Rarely,Never,Rarely,Occasionally,Never,Always,Always,Very Often,Sometimes,Never,Very Often,Never,Sometimes,Often,Occasionally,Often,Never,Never,Rarely,Never,Never,Rarely,Always,Never,Never,Never,Very Often,Never,Often,Never,Never,Sometimes,28,35,25,88
51,3,Often,Never,Always,Never,Rarely,Never,Never,Rarely,Never,Always,Always,Always,Always,Never,Always,Never,Rarely,Always,Sometimes,Often,Never,Never,Rarely,Never,Never,Never,Always,Never,Never,Never,Always,Never,Often,Never,Never,Rarely,32,30,24,86
52,1,Always,Never,Very Often,Never,Rarely,Never,Never,Never,Occasionally,Often,Always,Very Often,Never,Never,Often,Never,Never,Very Often,Rarely,Always,Never,Never,Never,Never,Never,Never,Very Often,Never,Often,Never,Always,Never,Rarely,Never,Never,Never,30,24,27,81
52,2,Always,Never,Often,Never,Never,Never,Rarely,Never,Always,Very Often,Always,Always,Never,Never,Very Often,Never,Never,Sometimes,Never,Always,Never,Never,Never,Never,Never,Never,Very Often,Rarely,Rarely,Never,Always,Never,Often,Rarely,Never,Never,23,18,21,62
52,3,Always,Never,Never,Never,Never,Never,Rarely,Never,Always,Always,Always,Always,Always,Never,Always,Never,Never,Always,Never,Always,Never,Never,Never,Never,Never,Never,Always,Never,Often,Never,Always,Never,Always,Never,Never,Never,29,22,24,75
52,4,Always,Never,Always,Never,Never,Never,Rarely,Never,Always,Always,Always,Always,Rarely,Never,Always,Never,Never,Always,Never,Always,Never,Never,Never,Never,Never,Never,Always,Never,Rarely,Never,Always,Never,Always,Never,Never,Never,24,19,18,61
53,1,Sometimes,Never,Always,Never,Sometimes,Never,Rarely,Rarely,Never,Always,Always,Often,Never,Never,Sometimes,Never,Sometimes,Often,Occasionally,Sometimes,Never,Never,Rarely,Never,Never,Never,Always,Never,Rarely,Never,Often,Never,Often,Never,Never,Sometimes,28,38,26,92
53,2,Very Often,Never,Never,Never,Rarely,Never,Never,Rarely,Never,Always,Always,Very Often,Always,Never,Very Often,Never,Occasionally,Always,Rarely,Sometimes,Never,Never,Rarely,Never,Never,Never,Always,Never,Rarely,Never,Always,Never,Very Often,Never,Never,Occasionally,32,31,31,94
53,3,Often,Never,Never,Never,Rarely,Never,Never,Rarely,Never,Always,Always,Always,Always,Never,Often,Never,Rarely,Always,Rarely,Often,Never,Never,Rarely,Never,Never,Never,Always,Never,Never,Never,Always,Never,Always,Never,Never,Rarely,32,28,30,90
53,4,Often,Never,Never,Never,Rarely,Never,Never,Rarely,Never,Always,Always,Always,Always,Never,Often,Never,Rarely,Very Often,Sometimes,Often,Never,Never,Never,Never,Never,Never,Always,Never,Never,Never,Very Often,Never,Always,Never,Never,Rarely,32,29,30,91
54,1,Always,Never,Always,Never,Never,Never,Never,Never,Always,Always,Always,Always,Never,Never,Always,Never,Never,Never,Never,Never,Never,Never,Never,Never,Never,Never,Always,Rarely,Always,Never,Always,Never,Always,Rarely,Never,Never,18,29,17,64
56,1,Always,Never,Always,Never,Never,Never,Rarely,Never,Always,Always,Always,Always,Always,Never,Always,Never,Never,Always,Never,Often,Never,Never,Never,Never,Never,Never,Always,Never,Rarely,Never,Always,Never,Always,Rarely,Never,Never,29,21,17,67
57,1,Very Often,Never,Always,Never,Never,Never,Rarely,Never,Rarely,Always,Always,Always,Never,Never,Very Often,Never,Never,Always,Never,Always,Never,Never,Never,Never,Never,Never,Always,Never,Never,Never,Always,Never,Very Often,Rarely,Never,Never,25,19,22,66
58,1,Often,Never,Never,Never,Never,Rarely,Often,Occasionally,Very Often,Often,Always,Very Often,Rarely,Never,Very Often,Never,Often,Very Often,Sometimes,Often,Never,Never,Rarely,Never,Never,Never,Always,Never,Never,Never,Always,Never,Very Often,Very Often,Never,Often,22,36,24,82
58,2,Often,Never,Never,Never,Never,Never,Rarely,Rarely,Never,Always,Always,Always,Always,Never,Always,Never,Sometimes,Always,Rarely,Often,Never,Never,Never,Never,Never,Never,Always,Never,Never,Never,Always,Never,Very Often,Never,Never,Occasionally,30,29,30,89
58,3,Very Often,Never,Never,Never,Never,Never,Never,Rarely,Never,Always,Always,Always,Always,Never,Always,Never,Rarely,Always,Never,Often,Never,Never,Rarely,Never,Never,Never,Always,Never,Never,Never,Always,Never,Always,Never,Never,Rarely,30,25,30,85
59,1,Very Often,Never,Always,Never,Never,Never,Rarely,Sometimes,Always,Always,Always,Always,Never,Rarely,Very Often,Never,Sometimes,Always,Never,Often,Never,Never,Occasionally,Never,Never,Never,Rarely,Never,Never,Never,Always,Never,Always,Always,Never,Often,24,33,18,75
61,1,Often,Never,Never,Never,Never,Rarely,Rarely,Occasionally,Sometimes,Always,Always,Very Often,Sometimes,Never,Very Often,Never,Often,Very Often,Rarely,Sometimes,Never,Never,Rarely,Never,Never,Never,Always,Never,Never,Never,Always,Never,Often,Rarely,Never,Sometimes,28,34,28,90
62,1,Rarely,Never,Never,Never,Sometimes,Often,Never,Often,Never,Often,Always,Sometimes,Always,Never,Always,Never,Often,Always,Very Often,Never,Never,Never,Often,Never,Never,Sometimes,Always,Never,Never,Never,Occasionally,Never,Often,Rarely,Never,Very Often,36,57,38,131
63,1,Rarely,Never,Never,Never,Often,Sometimes,Never,Often,Rarely,Never,Sometimes,Never,Very Often,Never,Often,Never,Often,Always,Very Often,Never,Rarely,Never,Often,Never,Never,Sometimes,Never,Never,Never,Never,Rarely,Never,Never,Always,Rarely,Very Often,46,59,44,149
63,2,Occasionally,Never,Never,Never,Often,Often,Never,Often,Sometimes,Sometimes,Very Often,Rarely,Always,Never,Very Often,Never,Often,Always,Always,Never,Rarely,Never,Often,Never,Never,Often,Very Often,Never,Never,Never,Occasionally,Never,Sometimes,Rarely,Never,Often,39,59,39,137
63,3,Often,Never,Never,Never,Rarely,Rarely,Rarely,Sometimes,Often,Always,Always,Very Often,Always,Never,Very Often,Never,Often,Always,Often,Sometimes,Never,Never,Sometimes,Never,Never,Rarely,Always,Never,Never,Never,Very Often,Never,Often,Rarely,Never,Often,33,43,27,103
64,1,Sometimes,Never,Rarely,Never,Rarely,Never,Sometimes,Sometimes,Occasionally,Very Often,Often,Very Often,Often,Never,Very Often,Never,Often,Very Often,Sometimes,Rarely,Never,Never,Sometimes,Never,Never,Rarely,Always,Never,Never,Never,Often,Never,Occasionally,Often,Never,Often,33,45,25,103
64,2,Sometimes,Never,Rarely,Never,Rarely,Never,Often,Occasionally,Often,Always,Very Often,Very Often,Rarely,Never,Very Often,Never,Sometimes,Often,Rarely,Often,Never,Never,Rarely,Never,Never,Never,Always,Never,Never,Never,Very Often,Never,Often,Very Often,Never,Rarely,24,32,21,77
65,1,Always,Never,Always,Never,Never,Never,Always,Never,Always,Always,Always,Always,Never,Never,Always,Never,Never,Never,Never,Never,Never,Never,Never,Never,Never,Never,Always,Never,Always,Never,Always,Never,Always,Always,Never,Never,12,30,12,54
67,1,Often,Rarely,Always,Rarely,Sometimes,Often,Very Often,Often,Often,Often,Very Often,Sometimes,Occasionally,Always,Often,Never,Often,Occasionally,Sometimes,Never,Rarely,Occasionally,Often,Very Often,Never,Rarely,Rarely,Rarely,Never,Never,Always,Often,Very Often,Always,Never,Often,28,49,40,117
68,1,Often,Never,Always,Never,Never,Rarely,Often,Sometimes,Very Often,Very Often,Always,Very Often,Rarely,Rarely,Often,Never,Often,Often,Sometimes,Often,Never,Never,Sometimes,Never,Never,Never,Very Often,Never,Never,Never,Always,Never,Very Often,Always,Never,Very Often,22,40,18,80
69,1,Often,Never,Very Often,Never,Rarely,Often,Very Often,Sometimes,Often,Often,Very Often,Sometimes,Never,Always,Sometimes,Never,Often,Never,Often,Never,Never,Never,Sometimes,Occasionally,Never,Rarely,Very Often,Never,Never,Never,Always,Never,Very Often,Always,Never,Always,20,48,31,99
69,2,Very Often,Never,Very Often,Never,Never,Rarely,Very Often,Sometimes,Very Often,Often,Always,Often,Rarely,Very Often,Sometimes,Never,Often,Rarely,Occasionally,Sometimes,Never,Rarely,Often,Occasionally,Never,Rarely,Very Often,Sometimes,Never,Never,Always,Rarely,Very Often,Very Often,Never,Always,21,39,28,88
70,1,Always,Never,Always,Never,Never,Never,Always,Rarely,Always,Always,Always,Always,Never,Never,Always,Never,Rarely,Sometimes,Never,Often,Never,Never,Never,Never,Never,Never,Always,Rarely,Never,Never,Always,Never,Always,Always,Never,Never,15,21,12,48
71,1,Always,Never,Always,Never,Never,Never,Always,Never,Always,Always,Always,Always,Never,Never,Always,Never,Never,Never,Never,Never,Never,Never,Never,Never,Never,Never,Always,Never,Always,Never,Always,Never,Always,Always,Never,Never,12,30,12,54
73,1,Never,Always,Sometimes,Always,Always,Always,Never,Always,Never,Never,Never,Never,Very Often,Always,Never,Often,Always,Always,Always,Never,Very Often,Always,Always,Always,Very Often,Always,Never,Very Often,Never,Very Often,Never,Always,Never,Sometimes,Always,Always,81,72,76,229
73,2,Very Often,Rarely,Always,Often,Sometimes,Occasionally,Very Often,Often,Often,Often,Often,Sometimes,Occasionally,Sometimes,Often,Never,Always,Very Often,Sometimes,Never,Never,Rarely,Often,Rarely,Never,Sometimes,Very Often,Often,Never,Rarely,Always,Rarely,Always,Always,Never,Always,30,50,28,108
74,1,Never,Always,Never,Always,Always,Always,Never,Always,Never,Never,Never,Never,Always,Always,Never,Always,Always,Always,Always,Never,Always,Always,Always,Always,Always,Very Often,Never,Very Often,Never,Always,Never,Always,Never,Never,Always,Always,84,72,84,240
74,2,Never,Always,Rarely,Always,Always,Always,Never,Very Often,Never,Never,Never,Never,Always,Always,Never,Always,Always,Always,Always,Never,Always,Always,Very Often,Always,Always,Always,Never,Always,Never,Always,Never,Always,Never,Rarely,Always,Always,84,70,82,236
74,3,Never,Always,Never,Always,Always,Always,Never,Always,Never,Never,Never,Never,Always,Always,Never,Always,Always,Always,Always,Never,Always,Always,Always,Always,Always,Always,Never,Always,Never,Always,Never,Always,Never,Never,Always,Always,84,72,84,240
74,4,Never,Always,Never,Always,Always,Always,Never,Always,Never,Never,Never,Never,Always,Always,Never,Always,Always,Always,Always,Never,Always,Always,Always,Always,Always,Always,Never,Always,Never,Always,Never,Always,Never,Never,Always,Always,84,72,84,240
75,1,Often,Rarely,Very Often,Never,Rarely,Sometimes,Often,Sometimes,Very Often,Often,Very Often,Often,Rarely,Always,Often,Never,Often,Rarely,Sometimes,Rarely,Rarely,Rarely,Occasionally,Sometimes,Never,Occasionally,Often,Sometimes,Rarely,Rarely,Always,Rarely,Often,Always,Never,Sometimes,25,42,32,99
75,2,Always,Never,Always,Never,Never,Never,Very Often,Occasionally,Always,Always,Always,Always,Never,Never,Always,Never,Sometimes,Sometimes,Rarely,Often,Never,Never,Rarely,Never,Never,Never,Always,Rarely,Never,Never,Always,Never,Always,Always,Never,Sometimes,16,29,12,57
76,1,Rarely,Always,Rarely,Very Often,Always,Always,Never,Very Often,Never,Never,Never,Never,Always,Always,Never,Very Often,Always,Always,Always,Never,Always,Always,Very Often,Always,Always,Very Often,Never,Often,Never,Always,Never,Always,Never,Rarely,Always,Very Often,82,69,82,233
76,2,Never,Always,Rarely,Always,Always,Always,Never,Always,Never,Never,Never,Never,Always,Always,Never,Always,Always,Always,Always,Never,Always,Always,Always,Always,Always,Always,Never,Very Often,Never,Always,Never,Always,Never,Rarely,Always,Always,84,73,82,239
76,3,Never,Always,Never,Always,Always,Always,Never,Always,Never,Never,Never,Never,Always,Always,Never,Always,Always,Always,Always,Never,Always,Always,Always,Always,Always,Always,Never,Always,Never,Always,Never,Always,Never,Never,Always,Always,84,72,84,240
76,4,Never,Always,Never,Always,Always,Always,Never,Always,Never,Never,Never,Never,Always,Always,Never,Always,Always,Always,Always,Never,Always,Always,Always,Always,Always,Always,Never,Always,Never,Always,Never,Always,Never,Never,Always,Always,84,72,84,240
77,1,Always,Never,Always,Never,Never,Never,Always,Never,Always,Always,Always,Always,Never,Always,Always,Never,Never,Never,Never,Never,Never,Never,Never,Never,Never,Never,Always,Never,Always,Never,Always,Never,Always,Always,Never,Never,12,30,18,60
79,1,Never,Always,Rarely,Never,Always,Always,Never,Very Often,Never,Never,Never,Never,Always,Very Often,Never,Never,Often,Always,Always,Never,Always,Always,Very Often,Always,Never,Always,Never,Sometimes,Never,Never,Never,Always,Never,Sometimes,Always,Very Often,72,70,67,209
80,1,Often,Never,Rarely,Never,Rarely,Rarely,Rarely,Often,Sometimes,Always,Very Often,Often,Sometimes,Rarely,Sometimes,Never,Often,Very Often,Often,Sometimes,Rarely,Never,Often,Never,Never,Rarely,Always,Never,Never,Never,Often,Never,Often,Rarely,Never,Always,33,48,29,110
81,1,Sometimes,Rarely,Never,Never,Rarely,Rarely,Rarely,Sometimes,Often,Very Often,Very Often,Often,Often,Rarely,Often,Never,Sometimes,Always,Often,Never,Rarely,Never,Sometimes,Never,Never,Rarely,Always,Never,Never,Rarely,Often,Never,Sometimes,Occasionally,Never,Sometimes,36,46,30,112
81,2,Very Often,Never,Sometimes,Never,Never,Rarely,Very Often,Rarely,Always,Always,Always,Very Often,Never,Rarely,Very Often,Never,Occasionally,Sometimes,Rarely,Often,Never,Never,Never,Never,Never,Never,Always,Never,Never,Never,Always,Never,Very Often,Always,Never,Rarely,18,26,18,62
82,1,Often,Never,Often,Never,Rarely,Never,Occasionally,Rarely,Very Often,Always,Very Often,Always,Sometimes,Never,Very Often,Never,Sometimes,Often,Rarely,Often,Never,Never,Rarely,Never,Never,Never,Always,Never,Never,Never,Very Often,Never,Often,Sometimes,Never,Rarely,28,30,18,76
82,2,Often,Never,Sometimes,Never,Never,Never,Rarely,Sometimes,Very Often,Always,Always,Very Often,Occasionally,Never,Very Often,Never,Occasionally,Often,Rarely,Sometimes,Never,Never,Rarely,Never,Never,Never,Always,Never,Never,Never,Always,Never,Often,Often,Never,Never,26,30,19,75
83,1,Always,Never,Always,Never,Never,Never,Always,Never,Always,Always,Always,Always,Never,Never,Always,Never,Never,Never,Never,Never,Never,Never,Never,Never,Never,Never,Always,Never,Always,Never,Always,Never,Always,Always,Never,Never,12,30,12,54
85,1,Often,Never,Often,Often,Rarely,Rarely,Occasionally,Sometimes,Often,Very Often,Often,Often,Always,Sometimes,Often,Never,Often,Very Often,Occasionally,Rarely,Rarely,Never,Rarely,Never,Never,Rarely,Always,Sometimes,Never,Never,Very Often,Never,Sometimes,Often,Rarely,Often,40,39,25,104
85,2,Very Often,Rarely,Always,Often,Occasionally,Rarely,Sometimes,Rarely,Very Often,Very Often,Often,Often,Occasionally,Rarely,Often,Never,Sometimes,Often,Occasionally,Sometimes,Never,Never,Never,Rarely,Never,Never,Always,Rarely,Never,Never,Always,Never,Often,Very Often,Never,Rarely,33,30,19,82
85,3,Always,Never,Always,Rarely,Never,Never,Sometimes,Never,Always,Always,Always,Very Often,Rarely,Rarely,Very Often,Never,Never,Sometimes,Never,Very Often,Never,Never,Never,Never,Never,Never,Always,Rarely,Never,Never,Always,Never,Very Often,Often,Never,Never,22,18,16,56
86,1,Often,Never,Always,Never,Rarely,Rarely,Rarely,Often,Very Often,Often,Very Often,Very Often,Rarely,Rarely,Often,Never,Very Often,Often,Occasionally,Often,Never,Never,Often,Never,Never,Rarely,Very Often,Rarely,Never,Never,Very Often,Never,Often,Very Often,Never,Always,28,44,20,92
87,1,Often,Never,Always,Never,Never,Never,Often,Occasionally,Very Often,Often,Always,Very Often,Never,Sometimes,Often,Never,Sometimes,Rarely,Occasionally,Sometimes,Never,Never,Never,Never,Never,Never,Often,Never,Sometimes,Never,Always,Never,Very Often,Always,Never,Rarely,18,34,21,73
88,1,Very Often,Never,Always,Never,Never,Rarely,Very Often,Occasionally,Always,Always,Always,Very Often,Never,Never,Often,Never,Rarely,Rarely,Rarely,Often,Never,Never,Rarely,Rarely,Never,Never,Often,Never,Never,Never,Always,Never,Very Often,Always,Never,Rarely,18,27,16,61
89,1,Always,Never,Always,Never,Never,Never,Always,Never,Always,Always,Always,Always,Never,Never,Always,Never,Never,Always,Never,Never,Never,Never,Never,Never,Never,Never,Always,Never,Always,Never,Always,Never,Always,Always,Never,Never,18,30,12,60
91,1,Often,Never,Always,Rarely,Rarely,Occasionally,Often,Sometimes,Very Often,Often,Very Often,Very Often,Never,Always,Often,Never,Very Often,Often,Rarely,Occasionally,Never,Never,Sometimes,Never,Never,Rarely,Often,Rarely,Never,Never,Very Often,Rarely,Very Often,Very Often,Never,Always,24,43,28,95
92,1,Never,Always,Rarely,Very Often,Always,Always,Never,Very Often,Never,Never,Never,Never,Always,Always,Never,Very Often,Very Often,Always,Always,Never,Very Often,Always,Always,Always,Always,Very Often,Never,Often,Never,Always,Never,Always,Never,Rarely,Always,Always,82,70,82,234
92,2,Never,Always,Rarely,Very Often,Always,Always,Never,Very Often,Never,Never,Never,Never,Always,Always,Never,Always,Very Often,Always,Always,Never,Always,Always,Very Often,Always,Always,Very Often,Never,Very Often,Never,Always,Never,Always,Never,Rarely,Always,Very Often,83,68,82,233
92,3,Never,Always,Never,Always,Always,Always,Never,Always,Never,Never,Never,Never,Always,Always,Never,Always,Always,Always,Always,Never,Always,Always,Always,Always,Always,Always,Never,Very Often,Never,Always,Never,Always,Never,Rarely,Always,Always,84,73,83,240
92,4,Never,Always,Rarely,Always,Always,Always,Never,Always,Never,Never,Never,Never,Always,Always,Never,Always,Always,Always,Always,Never,Always,Always,Always,Always,Always,Always,Never,Always,Never,Always,Never,Always,Never,Rarely,Always,Always,84,72,82,238
93,1,Often,Never,Always,Never,Rarely,Never,Sometimes,Occasionally,Very Often,Always,Always,Very Often,Never,Very Often,Often,Never,Always,Often,Sometimes,Often,Never,Never,Rarely,Rarely,Never,Rarely,Always,Rarely,Never,Never,Very Often,Never,Often,Never,Never,Often,25,39,25,89
94,1,Rarely,Always,Rarely,Very Often,Always,Always,Never,Very Often,Never,Never,Never,Never,Always,Always,Never,Very Often,Very Often,Always,Always,Never,Very Often,Always,Very Often,Always,Always,Very Often,Never,Often,Never,Always,Never,Always,Never,Never,Always,Very Often,82,67,83,232
94,2,Rarely,Always,Never,Always,Always,Always,Never,Very Often,Never,Never,Never,Never,Always,Always,Never,Always,Always,Always,Always,Never,Always,Always,Always,Always,Always,Very Often,Never,Often,Never,Always,Never,Always,Never,Never,Always,Very Often,84,70,84,238
94,3,Never,Always,Rarely,Always,Always,Always,Never,Always,Never,Never,Never,Never,Always,Always,Never,Always,Always,Always,Always,Never,Always,Always,Always,Always,Always,Always,Never,Very Often,Never,Always,Never,Always,Never,Rarely,Always,Always,84,73,82,239
94,4,Never,Always,Never,Always,Always,Always,Never,Always,Never,Never,Never,Never,Always,Always,Never,Always,Always,Always,Always,Never,Always,Always,Always,Always,Always,Always,Never,Very Often,Never,Always,Never,Always,Never,Never,Always,Always,84,73,84,241
95,1,Always,Never,Always,Never,Never,Never,Always,Never,Always,Always,Always,Always,Never,Never,Always,Never,Never,Always,Never,Never,Never,Never,Never,Never,Never,Never,Always,Never,Always,Never,Always,Never,Always,Always,Never,Never,18,30,12,60
97,1,Always,Never,Often,Rarely,Never,Never,Sometimes,Never,Always,Always,Always,Always,Rarely,Never,Very Often,Never,Rarely,Always,Never,Sometimes,Never,Never,Never,Never,Never,Never,Always,Never,Sometimes,Never,Always,Never,Very Often,Always,Never,Never,25,25,14,64
98,1,Often,Never,Rarely,Never,Never,Never,Rarely,Occasionally,Very Often,Always,Very Often,Very Often,Sometimes,Never,Often,Never,Sometimes,Often,Rarely,Never,Never,Never,Rarely,Never,Never,Never,Always,Never,Never,Never,Very Often,Never,Occasionally,Often,Never,Rarely,32,34,21,87
99,1,Very Often,Never,Always,Never,Never,Never,Often,Occasionally,Always,Always,Always,Always,Rarely,Never,Always,Never,Rarely,Often,Rarely,Sometimes,Never,Never,Rarely,Never,Never,Never,Always,Never,Never,Never,Always,Never,Very Often,Always,Never,Rarely,20,28,12,60
100,1,Often,Never,Never,Never,Never,Never,Sometimes,Occasionally,Very Often,Always,Always,Always,Rarely,Never,Always,Never,Occasionally,Often,Rarely,Sometimes,Never,Never,Rarely,Never,Never,Never,Always,Never,Never,Never,Very Often,Never,Always,Always,Never,Rarely,21,30,19,70
101,1,Always,Never,Always,Never,Never,Never,Always,Never,Always,Always,Always,Always,Never,Never,Always,Never,Never,Never,Never,Never,Never,Never,Never,Never,Never,Never,Always,Never,Always,Never,Always,Never,Always,Always,Never,Never,12,30,12,54
103,1,Occasionally,Never,Always,Rarely,Rarely,Sometimes,Often,Very Often,Often,Very Often,Often,Sometimes,Never,Often,Often,Never,Always,Often,Sometimes,Rarely,Never,Never,Very Often,Never,Never,Rarely,Always,Rarely,Never,Never,Very Often,Rarely,Often,Very Often,Never,Always,26,53,27,106
103,2,Very Often,Never,Always,Never,Never,Rarely,Often,Occasionally,Very Often,Very Often,Always,Very Often,Rarely,Rarely,Often,Never,Sometimes,Very Often,Rarely,Sometimes,Never,Never,Rarely,Never,Never,Never,Always,Occasionally,Sometimes,Never,Always,Never,Very Often,Often,Never,Occasionally,23,32,19,74
104,1,Often,Never,Always,Never,Never,Rarely,Rarely,Sometimes,Very Often,Very Often,Always,Always,Never,Never,Often,Never,Often,Sometimes,Occasionally,Often,Never,Never,Rarely,Never,Never,Never,Always,Never,Never,Never,Always,Never,Very Often,Always,Never,Always,23,38,15,76
104,2,Always,Never,Always,Never,Never,Never,Often,Rarely,Very Often,Very Often,Always,Always,Rarely,Never,Always,Never,Never,Occasionally,Never,Always,Never,Never,Never,Never,Never,Never,Always,Never,Never,Never,Always,Never,Always,Very Often,Never,Never,17,19,15,51
105,1,Often,Never,Always,Never,Never,Never,Often,Rarely,Very Often,Occasionally,Always,Always,Never,Never,Often,Never,Sometimes,Sometimes,Rarely,Sometimes,Never,Never,Rarely,Never,Never,Rarely,Very Often,Never,Sometimes,Never,Always,Never,Often,Always,Never,Sometimes,21,36,18,75
105,2,Always,Never,Always,Never,Never,Never,Occasionally,Never,Always,Often,Always,Always,Never,Never,Very Often,Never,Rarely,Rarely,Never,Very Often,Never,Never,Never,Never,Never,Never,Always,Never,Never,Never,Always,Never,Very Often,Always,Never,Never,19,20,14,53
106,1,Sometimes,Never,Always,Never,Very Often,Never,Rarely,Sometimes,Often,Never,Often,Sometimes,Sometimes,Never,Never,Never,Often,Very Often,Often,Rarely,Never,Never,Sometimes,Never,Never,Sometimes,Never,Rarely,Sometimes,Never,Often,Never,Rarely,Always,Rarely,Sometimes,41,53,29,123
106,2,Sometimes,Never,Always,Never,Sometimes,Rarely,Sometimes,Occasionally,Always,Often,Very Often,Often,Occasionally,Never,Sometimes,Never,Sometimes,Sometimes,Often,Rarely,Never,Never,Rarely,Rarely,Never,Rarely,Rarely,Rarely,Rarely,Never,Very Often,Never,Very Often,Rarely,Never,Often,27,44,27,98
107,1,Always,Never,Always,Never,Never,Never,Always,Never,Always,Always,Always,Always,Never,Always,Always,Never,Never,Always,Never,Never,Never,Never,Never,Never,Never,Never,Always,Never,Always,Never,Always,Never,Always,Always,Never,Never,18,30,18,66
109,1,Often,Never,Always,Never,Never,Rarely,Rarely,Occasionally,Very Often,Always,Very Often,Always,Never,Sometimes,Very Often,Never,Sometimes,Always,Rarely,Often,Never,Never,Never,Never,Never,Never,Always,Never,Rarely,Never,Always,Never,Rarely,Never,Never,Occasionally,30,31,23,84
109,2,Always,Never,Always,Never,Never,Never,Rarely,Never,Sometimes,Always,Always,Always,Very Often,Never,Always,Never,Rarely,Always,Never,Never,Never,Never,Never,Never,Never,Never,Always,Sometimes,Always,Never,Always,Never,Always,Rarely,Never,Never,28,28,20,76
110,1,Often,Never,Always,Never,Never,Never,Often,Sometimes,Very Often,Always,Very Often,Always,Never,Rarely,Often,Never,Often,Rarely,Sometimes,Occasionally,Never,Never,Sometimes,Never,Never,Rarely,Always,Rarely,Never,Never,Always,Never,Very Often,Always,Never,Often,19,41,14,74
110,2,Always,Never,Always,Never,Never,Never,Often,Rarely,Always,Always,Always,Always,Never,Never,Always,Never,Occasionally,Sometimes,Never,Often,Never,Never,Never,Never,Never,Never,Always,Never,Never,Never,Always,Never,Always,Never,Never,Rarely,17,24,18,59
111,1,Often,Never,Always,Never,Rarely,Occasionally,Sometimes,Occasionally,Often,Never,Very Often,Often,Never,Never,Sometimes,Never,Often,Often,Often,Never,Never,Never,Rarely,Occasionally,Never,Rarely,Often,Very Often,Never,Never,Very Often,Never,Often,Rarely,Never,Often,28,38,31,97
111,2,Always,Never,Always,Never,Never,Never,Always,Rarely,Always,Always,Always,Always,Rarely,Never,Always,Never,Sometimes,Rarely,Never,Very Often,Never,Never,Never,Never,Never,Never,Often,Sometimes,Never,Never,Always,Never,Always,Always,Never,Rarely,14,21,14,49
112,1,Often,Never,Always,Never,Rarely,Never,Often,Rarely,Always,Often,Always,Very Often,Never,Never,Very Often,Never,Rarely,Always,Rarely,Sometimes,Never,Never,Never,Never,Never,Never,Very Often,Never,Never,Never,Always,Never,Very Often,Always,Never,Rarely,22,28,16,66
113,1,Always,Never,Always,Never,Never,Never,Rarely,Never,Always,Always,Always,Always,Never,Always,Always,Never,Never,Rarely,Never,Never,Never,Never,Never,Never,Never,Never,Always,Never,Always,Never,Always,Never,Often,Rarely,Never,Never,20,30,23,73
115,1,Very Often,Never,Often,Never,Rarely,Never,Rarely,Never,Rarely,Always,Always,Always,Sometimes,Never,Always,Never,Never,Often,Never,Always,Never,Never,Never,Never,Never,Never,Always,Never,Rarely,Never,Very Often,Never,Sometimes,Rarely,Never,Never,28,21,24,73
115,2,Always,Never,Always,Never,Never,Never,Never,Never,Never,Always,Always,Always,Rarely,Never,Always,Never,Never,Always,Never,Always,Never,Never,Never,Never,Never,Never,Always,Never,Never,Never,Always,Never,Rarely,Never,Never,Never,30,18,24,72
116,1,Very Often,Never,Never,Never,Never,Never,Rarely,Rarely,Never,Always,Always,Always,Never,Never,Very Often,Never,Rarely,Always,Never,Very Often,Never,Never,Never,Never,Never,Never,Always,Never,Sometimes,Never,Always,Never,Always,Often,Never,Rarely,24,26,26,76
117,1,Always,Never,Often,Never,Never,Never,Never,Never,Never,Always,Always,Always,Always,Never,Always,Never,Never,Always,Never,Always,Never,Never,Never,Never,Never,Never,Always,Never,Often,Never,Always,Never,Always,Never,Never,Never,30,22,26,78
117,2,Very Often,Never,Often,Never,Never,Never,Rarely,Never,Never,Always,Always,Always,Always,Never,Always,Never,Never,Often,Never,Always,Never,Never,Never,Never,Never,Never,Always,Never,Sometimes,Never,Always,Never,Very Often,Often,Never,Never,28,22,22,72
117,3,Very Often,Never,Never,Never,Never,Never,Never,Never,Never,Always,Always,Always,Always,Never,Always,Never,Never,Very Often,Never,Always,Never,Never,Never,Never,Never,Never,Always,Never,Rarely,Never,Always,Never,Always,Never,Never,Never,29,20,30,79
118,1,Always,Never,Never,Never,Never,Never,Never,Never,Never,Always,Always,Always,Never,Never,Always,Never,Never,Always,Never,Always,Never,Never,Never,Never,Never,Never,Always,Never,Never,Never,Always,Never,Always,Never,Never,Never,24,18,30,72
118,2,Always,Never,Rarely,Never,Never,Never,Rarely,Never,Never,Always,Always,Always,Sometimes,Never,Always,Never,Never,Always,Never,Always,Never,Never,Never,Never,Never,Never,Always,Never,Never,Never,Always,Never,Always,Always,Never,Never,26,18,23,67
119,1,Always,Never,Never,Never,Never,Never,Never,Never,Never,Always,Always,Always,Never,Never,Always,Never,Never,Never,Never,Never,Never,Never,Never,Never,Never,Never,Always,Never,Always,Never,Always,Never,Always,Always,Never,Never,18,30,24,72
121,1,Always,Never,Always,Never,Never,Never,Sometimes,Never,Very Often,Always,Always,Always,Always,Never,Always,Never,Rarely,Always,Never,Often,Never,Never,Never,Never,Never,Never,Always,Never,Rarely,Never,Always,Never,Very Often,Always,Never,Never,28,22,13,63
122,1,Often,Never,Always,Never,Rarely,Rarely,Often,Sometimes,Very Often,Always,Very Often,Often,Rarely,Never,Often,Never,Sometimes,Sometimes,Rarely,Often,Never,Never,Rarely,Never,Never,Never,Very Often,Never,Never,Never,Always,Never,Very Often,Always,Never,Often,22,35,17,74
122,2,Always,Never,Rarely,Never,Never,Never,Rarely,Never,Never,Always,Always,Always,Very Often,Never,Always,Never,Never,Always,Never,Always,Never,Never,Never,Never,Never,Never,Always,Never,Never,Never,Always,Never,Always,Never,Never,Never,28,18,29,75
123,1,Often,Never,Often,Never,Rarely,Never,Often,Occasionally,Very Often,Sometimes,Very Often,Very Often,Never,Never,Very Often,Never,Sometimes,Rarely,Occasionally,Sometimes,Never,Never,Rarely,Never,Never,Never,Often,Never,Rarely,Never,Always,Never,Very Often,Always,Never,Sometimes,18,36,21,75
123,2,Always,Never,Often,Never,Never,Never,Very Often,Rarely,Always,Always,Always,Very Often,Never,Never,Very Often,Never,Rarely,Sometimes,Never,Often,Never,Never,Rarely,Never,Never,Never,Very Often,Never,Never,Never,Always,Never,Very Often,Always,Never,Rarely,18,24,16,58
123,3,Very Often,Never,Often,Never,Never,Rarely,Often,Rarely,Always,Very Often,Always,Very Often,Never,Never,Always,Never,Rarely,Sometimes,Never,Often,Never,Never,Never,Never,Never,Never,Very Often,Rarely,Rarely,Never,Always,Never,Very Often,Always,Never,Rarely,18,24,18,60
123,4,Often,Never,Often,Never,Never,Rarely,Very Often,Occasionally,Always,Always,Always,Always,Never,Never,Very Often,Never,Sometimes,Sometimes,Rarely,Often,Never,Never,Rarely,Never,Never,Never,Always,Never,Never,Never,Always,Never,Very Often,Always,Never,Sometimes,18,32,15,65
124,1,Very Often,Never,Often,Never,Never,Rarely,Sometimes,Never,Always,Always,Always,Very Often,Rarely,Never,Always,Never,Never,Sometimes,Never,Often,Never,Never,Never,Never,Never,Never,Always,Rarely,Never,Never,Always,Never,Very Often,Always,Never,Never,20,20,16,56
124,2,Always,Never,Always,Never,Never,Rarely,Very Often,Never,Always,Always,Always,Always,Rarely,Never,Very Often,Never,Rarely,Sometimes,Never,Always,Never,Never,Never,Never,Never,Never,Always,Never,Sometimes,Never,Always,Never,Always,Always,Never,Never,18,22,13,53
125,1,Always,Never,Always,Never,Never,Never,Always,Never,Always,Always,Always,Always,Never,Never,Always,Never,Never,Never,Never,Very Often,Never,Never,Never,Never,Never,Never,Always,Never,Never,Never,Always,Never,Always,Always,Never,Never,12,19,12,43
127,1,Very Often,Never,Always,Never,Never,Rarely,Often,Sometimes,Very Often,Always,Always,Always,Never,Sometimes,Very Often,Never,Sometimes,Never,Rarely,Often,Never,Never,Rarely,Never,Never,Never,Always,Rarely,Never,Never,Always,Never,Very Often,Always,Never,Sometimes,16,31,17,64
127,2,Always,Never,Always,Never,Never,Never,Rarely,Never,Rarely,Always,Always,Always,Often,Never,Always,Never,Never,Always,Never,Always,Never,Never,Never,Never,Never,Never,Always,Never,Never,Never,Always,Never,Always,Never,Never,Never,27,18,23,68
128,1,Always,Never,Always,Never,Never,Never,Very Often,Never,Always,Always,Always,Always,Never,Never,Always,Never,Never,Never,Never,Always,Never,Never,Never,Never,Never,Never,Always,Never,Always,Never,Always,Never,Always,Always,Never,Never,13,24,12,49
129,1,Always,Never,Always,Never,Never,Never,Always,Rarely,Always,Always,Always,Always,Never,Rarely,Always,Never,Sometimes,Never,Never,Often,Never,Never,Never,Never,Never,Never,Always,Never,Never,Never,Always,Never,Always,Always,Never,Rarely,12,25,13,50
130,1,Very Often,Never,Very Often,Never,Never,Rarely,Rarely,Rarely,Always,Very Often,Always,Very Often,Rarely,Occasionally,Often,Never,Sometimes,Very Often,Never,Often,Never,Never,Never,Sometimes,Never,Never,Very Often,Never,Never,Never,Always,Often,Very Often,Always,Never,Rarely,29,26,23,78
131,1,Always,Never,Always,Never,Never,Never,Always,Never,Always,Always,Always,Always,Never,Always,Always,Never,Never,Never,Never,Never,Never,Never,Never,Never,Never,Never,Always,Never,Always,Never,Always,Never,Always,Always,Never,Never,12,30,18,60
133,1,Often,Never,Never,Never,Rarely,Never,Rarely,Rarely,Rarely,Always,Very Often,Always,Always,Never,Very Often,Never,Occasionally,Always,Occasionally,Rarely,Never,Never,Never,Never,Never,Never,Always,Never,Never,Never,Often,Never,Often,Always,Never,Rarely,35,32,23,90
133,2,Sometimes,Never,Rarely,Never,Sometimes,Sometimes,Sometimes,Often,Rarely,Always,Often,Sometimes,Very Often,Never,Sometimes,Never,Often,Very Often,Often,Rarely,Rarely,Never,Sometimes,Never,Never,Sometimes,Always,Never,Never,Never,Often,Never,Sometimes,Rarely,Rarely,Often,36,52,33,121
133,3,Sometimes,Never,Never,Never,Rarely,Never,Sometimes,Sometimes,Occasionally,Always,Very Often,Very Often,Sometimes,Never,Always,Never,Often,Sometimes,Sometimes,Rarely,Never,Never,Occasionally,Never,Never,Rarely,Always,Never,Never,Never,Often,Never,Often,Often,Never,Sometimes,26,43,25,94
134,1,Sometimes,Never,Never,Never,Occasionally,Rarely,Occasionally,Often,Rarely,Very Often,Very Often,Often,Often,Never,Always,Never,Often,Always,Sometimes,Never,Never,Never,Often,Never,Never,Rarely,Always,Never,Never,Never,Often,Never,Sometimes,Often,Never,Often,32,49,29,110
134,2,Often,Never,Never,Never,Rarely,Never,Very Often,Sometimes,Always,Always,Very Often,Very Often,Rarely,Never,Very Often,Never,Often,Sometimes,Sometimes,Sometimes,Never,Never,Sometimes,Never,Never,Rarely,Always,Never,Never,Never,Very Often,Never,Often,Always,Never,Often,22,42,19,83
135,1,Rarely,Never,Never,Never,Very Often,Sometimes,Never,Often,Never,Often,Often,Rarely,Always,Never,Often,Never,Often,Always,Always,Never,Rarely,Never,Often,Never,Never,Sometimes,Always,Never,Never,Never,Rarely,Never,Never,Always,Never,Often,45,60,34,139
135,2,Sometimes,Never,Rarely,Never,Rarely,Never,Occasionally,Sometimes,Often,Very Often,Often,Very Often,Always,Never,Often,Never,Often,Very Often,Often,Rarely,Never,Never,Sometimes,Never,Never,Rarely,Always,Never,Never,Never,Often,Never,Sometimes,Rarely,Never,Often,36,46,26,108
136,1,Sometimes,Never,Never,Never,Rarely,Never,Sometimes,Often,Sometimes,Very Often,Very Often,Very Often,Often,Never,Often,Never,Often,Often,Often,Rarely,Never,Never,Often,Never,Never,Occasionally,Always,Never,Never,Never,Often,Never,Often,Sometimes,Never,Often,30,49,26,105
136,2,Often,Never,Never,Never,Never,Never,Occasionally,Sometimes,Always,Always,Always,Always,Sometimes,Never,Always,Never,Rarely,Often,Occasionally,Often,Never,Never,Rarely,Never,Never,Never,Always,Never,Never,Never,Always,Never,Often,Always,Never,Rarely,25,30,18,73
137,1,Always,Never,Never,Never,Never,Never,Never,Never,Always,Always,Always,Always,Never,Never,Always,Never,Never,Never,Never,Never,Never,Never,Never,Never,Never,Never,Always,Never,Always,Never,Always,Never,Never,Always,Never,Never,24,30,18,72
139,1,Sometimes,Never,Always,Never,Rarely,Rarely,Sometimes,Sometimes,Often,Often,Often,Very Often,Rarely,Sometimes,Never,Never,Often,Often,Very Often,Sometimes,Never,Never,Sometimes,Rarely,Never,Rarely,Often,Sometimes,Never,Never,Very Often,Never,Often,Always,Never,Very Often,32,43,23,98
140,1,Often,Never,Very Often,Never,Never,Rarely,Very Often,Sometimes,Always,Often,Always,Very Often,Rarely,Rarely,Often,Never,Often,Never,Occasionally,Never,Never,Never,Sometimes,Never,Never,Rarely,Often,Never,Never,Never,Always,Never,Very Often,Always,Never,Often,17,43,20,80
141,1,Often,Never,Very Often,Never,Rarely,Rarely,Often,Sometimes,Very Often,Often,Often,Often,Rarely,Rarely,Often,Never,Sometimes,Sometimes,Sometimes,Never,Never,Never,Sometimes,Never,Never,Rarely,Often,Rarely,Never,Never,Very Often,Rarely,Often,Very Often,Never,Sometimes,25,42,24,91
141,2,Always,Never,Always,Never,Never,Rarely,Always,Rarely,Always,Always,Always,Always,Never,Never,Always,Never,Sometimes,Sometimes,Rarely,Very Often,Never,Never,Never,Never,Never,Never,Always,Rarely,Rarely,Never,Always,Never,Always,Always,Never,Rarely,15,25,13,53
142,1,Often,Never,Always,Never,Rarely,Rarely,Very Often,Sometimes,Always,Often,Always,Very Often,Never,Sometimes,Often,Never,Often,Rarely,Occasionally,Occasionally,Never,Never,Sometimes,Rarely,Never,Rarely,Often,Rarely,Never,Never,Always,Never,Very Often,Always,Never,Often,18,41,21,80
142,2,Very Often,Never,Always,Never,Never,Never,Very Often,Sometimes,Always,Very Often,Always,Very Often,Rarely,Occasionally,Often,Never,Sometimes,Often,Sometimes,Occasionally,Never,Never,Occasionally,Rarely,Never,Never,Very Often,Rarely,Never,Never,Always,Never,Very Often,Very Often,Never,Sometimes,22,36,18,76
142,3,Always,Never,Always,Never,Never,Never,Always,Rarely,Always,Always,Always,Always,Never,Rarely,Always,Never,Rarely,Occasionally,Never,Often,Never,Never,Never,Never,Never,Never,Always,Never,Never,Never,Always,Never,Always,Always,Never,Rarely,14,23,13,50
143,1,Always,Never,Always,Never,Never,Never,Always,Never,Always,Always,Always,Always,Never,Never,Always,Never,Never,Always,Never,Never,Never,Never,Never,Never,Never,Never,Always,Never,Always,Never,Always,Never,Always,Always,Never,Never,18,30,12,60
145,1,Never,Always,Never,Very Often,Always,Always,Never,Always,Never,Never,Never,Never,Always,Always,Never,Often,Always,Always,Always,Never,Always,Always,Always,Always,Always,Always,Never,Very Often,Never,Always,Never,Always,Never,Rarely,Always,Always,81,73,83,237
145,2,Never,Always,Never,Always,Always,Always,Never,Always,Never,Never,Never,Never,Always,Always,Never,Always,Always,Always,Always,Never,Always,Always,Always,Always,Always,Always,Never,Always,Never,Always,Never,Always,Never,Never,Always,Always,84,72,84,240
145,3,Never,Always,Never,Always,Always,Always,Never,Always,Never,Never,Never,Never,Always,Always,Never,Always,Always,Always,Always,Never,Always,Always,Always,Always,Always,Always,Never,Always,Never,Always,Never,Always,Never,Never,Always,Always,84,72,84,240
145,4,Never,Always,Rarely,Always,Always,Always,Never,Always,Never,Never,Never,Never,Always,Always,Never,Always,Always,Always,Always,Never,Always,Always,Always,Always,Always,Always,Never,Very Often,Never,Always,Never,Always,Never,Rarely,Always,Always,84,73,82,239
146,1,Never,Always,Rarely,Always,Always,Always,Never,Always,Never,Never,Never,Never,Always,Always,Never,Always,Always,Always,Always,Never,Always,Always,Very Often,Always,Always,Always,Never,Very Often,Never,Always,Never,Always,Never,Rarely,Always,Always,84,72,82,238
146,2,Very Often,Rarely,Always,Never,Never,Rarely,Often,Rarely,Always,Very Often,Always,Always,Occasionally,Always,Very Often,Never,Sometimes,Always,Rarely,Sometimes,Never,Never,Never,Never,Never,Never,Always,Sometimes,Very Often,Never,Always,Rarely,Very Often,Always,Never,Rarely,25,30,21,76
147,1,Often,Never,Often,Never,Rarely,Occasionally,Sometimes,Occasionally,Often,Sometimes,Very Often,Often,Never,Sometimes,Often,Never,Often,Sometimes,Occasionally,Rarely,Never,Never,Rarely,Rarely,Never,Rarely,Often,Never,Never,Never,Very Often,Never,Often,Always,Never,Sometimes,25,39,28,92
147,2,Very Often,Never,Always,Never,Never,Never,Sometimes,Sometimes,Very Often,Very Often,Always,Very Often,Rarely,Never,Often,Never,Sometimes,Often,Rarely,Rarely,Never,Never,Rarely,Never,Never,Never,Often,Rarely,Never,Never,Always,Never,Often,Always,Never,Sometimes,24,34,17,75
148,1,Never,Always,Never,Very Often,Always,Always,Never,Very Often,Never,Never,Never,Never,Always,Always,Never,Always,Always,Always,Always,Never,Always,Always,Very Often,Always,Always,Very Often,Never,Often,Never,Always,Never,Always,Never,Never,Always,Very Often,83,70,84,237
148,2,Never,Always,Rarely,Always,Always,Always,Never,Always,Never,Never,Never,Never,Always,Always,Never,Always,Always,Always,Always,Never,Always,Always,Always,Always,Always,Always,Never,Very Often,Never,Always,Never,Always,Never,Rarely,Always,Always,84,73,82,239
148,3,Never,Always,Never,Always,Always,Always,Never,Always,Never,Never,Never,Never,Always,Always,Never,Always,Always,Always,Always,Never,Always,Always,Always,Always,Always,Always,Never,Very Often,Never,Always,Never,Always,Never,Never,Always,Always,84,73,84,241
148,4,Never,Always,Never,Always,Always,Always,Never,Always,Never,Never,Never,Never,Always,Always,Never,Always,Always,Always,Always,Never,Always,Always,Always,Always,Always,Always,Never,Always,Never,Always,Never,Always,Never,Never,Always,Always,84,72,84,240
149,1,Always,Never,Always,Never,Never,Never,Always,Never,Always,Always,Always,Always,Never,Always,Always,Never,Never,Never,Never,Never,Never,Never,Never,Never,Never,Never,Always,Never,Never,Never,Always,Never,Always,Always,Never,Never,12,24,18,54
151,1,Occasionally,Rarely,Never,Never,Rarely,Rarely,Never,Often,Sometimes,Very Often,Often,Often,Often,Rarely,Often,Never,Often,Very Often,Often,Rarely,Never,Never,Sometimes,Never,Never,Rarely,Always,Never,Never,Never,Often,Never,Often,Sometimes,Never,Sometimes,36,47,29,112
151,2,Sometimes,Never,Rarely,Never,Rarely,Rarely,Rarely,Often,Often,Very Often,Very Often,Very Often,Often,Rarely,Very Often,Never,Often,Often,Often,Sometimes,Never,Never,Often,Never,Never,Rarely,Always,Never,Never,Never,Often,Never,Often,Sometimes,Never,Often,31,46,26,103
151,3,Often,Never,Rarely,Never,Rarely,Rarely,Rarely,Often,Often,Always,Very Often,Very Often,Very Often,Rarely,Very Often,Never,Often,Always,Often,Sometimes,Never,Never,Often,Never,Never,Rarely,Always,Never,Never,Never,Very Often,Never,Often,Often,Never,Often,33,45,24,102
152,1,Always,Never,Always,Never,Never,Never,Always,Never,Always,Always,Always,Always,Never,Never,Always,Never,Never,Never,Never,Never,Never,Never,Never,Never,Never,Never,Always,Never,Always,Never,Always,Never,Always,Always,Never,Never,12,30,12,54
153,1,Never,Rarely,Never,Rarely,Always,Always,Never,Very Often,Never,Never,Rarely,Never,Always,Occasionally,Never,Never,Often,Always,Always,Never,Sometimes,Rarely,Very Often,Never,Never,Often,Never,Rarely,Never,Never,Never,Never,Never,Rarely,Always,Always,61,68,56,185
153,2,Never,Always,Never,Always,Always,Always,Never,Always,Never,Never,Never,Never,Always,Always,Never,Sometimes,Always,Always,Always,Never,Always,Always,Always,Always,Never,Always,Never,Very Often,Never,Often,Never,Never,Never,Rarely,Always,Always,81,73,69,223
153,3,Never,Always,Never,Always,Always,Always,Never,Always,Never,Never,Never,Never,Always,Always,Never,Always,Always,Always,Always,Never,Always,Always,Always,Always,Very Often,Always,Never,Always,Never,Always,Never,Always,Never,Never,Always,Always,84,72,83,239
153,4,Never,Always,Never,Always,Always,Always,Never,Always,Never,Never,Never,Never,Always,Always,Never,Always,Always,Always,Always,Never,Always,Always,Always,Always,Always,Always,Never,Always,Never,Always,Never,Always,Never,Never,Always,Always,84,72,84,240
154,1,Often,Never,Always,Never,Rarely,Occasionally,Often,Sometimes,Very Often,Sometimes,Always,Often,Never,Never,Often,Never,Sometimes,Rarely,Occasionally,Rarely,Never,Never,Rarely,Never,Never,Rarely,Often,Never,Never,Never,Always,Never,Very Often,Always,Never,Sometimes,18,39,22,79
155,1,Very Often,Never,Always,Never,Never,Never,Sometimes,Sometimes,Always,Always,Always,Very Often,Rarely,Never,Always,Never,Sometimes,Occasionally,Rarely,Often,Never,Never,Rarely,Never,Never,Never,Always,Never,Never,Never,Always,Never,Very Often,Always,Never,Often,19,33,13,65
156,1,Always,Never,Always,Never,Never,Never,Always,Never,Always,Always,Always,Always,Never,Never,Always,Never,Never,Always,Never,Never,Never,Never,Never,Never,Never,Never,Always,Never,Always,Never,Always,Never,Always,Always,Never,Never,18,30,12,60
157,1,Rarely,Always,Rarely,Very Often,Always,Always,Never,Very Often,Never,Never,Never,Never,Always,Always,Never,Very Often,Very Often,Always,Always,Never,Very Often,Always,Very Often,Always,Always,Very Often,Never,Often,Never,Always,Never,Always,Never,Never,Always,Very Often,82,67,83,232
157,2,Often,Rarely,Very Often,Occasionally,Rarely,Occasionally,Often,Sometimes,Often,Often,Very Often,Often,Rarely,Very Often,Often,Occasionally,Often,Rarely,Sometimes,Never,Never,Occasionally,Sometimes,Rarely,Never,Rarely,Very Often,Sometimes,Never,Occasionally,Very Often,Rarely,Often,Very Often,Never,Often,28,42,33,103
158,1,Rarely,Always,Sometimes,Very Often,Always,Always,Never,Very Often,Never,Never,Never,Never,Always,Always,Never,Very Often,Always,Always,Always,Never,Very Often,Always,Very Often,Always,Always,Very Often,Never,Often,Never,Always,Never,Always,Never,Rarely,Always,Very Often,82,68,80,230
158,2,Very Often,Never,Always,Never,Rarely,Rarely,Very Often,Sometimes,Always,Very Often,Always,Often,Never,Rarely,Often,Never,Sometimes,Rarely,Occasionally,Sometimes,Never,Never,Rarely,Rarely,Never,Rarely,Very Often,Sometimes,Never,Never,Always,Rarely,Very Often,Always,Never,Often,18,34,19,71
159,1,Never,Always,Never,Always,Always,Always,Never,Always,Never,Never,Never,Never,Always,Always,Never,Always,Always,Always,Always,Never,Always,Always,Always,Always,Always,Always,Never,Very Often,Never,Always,Never,Always,Never,Never,Always,Very Often,84,72,84,240
159,2,Never,Always,Never,Always,Always,Always,Never,Always,Never,Never,Never,Never,Always,Always,Never,Always,Always,Always,Always,Never,Always,Always,Always,Always,Always,Always,Never,Very Often,Never,Always,Never,Always,Never,Never,Always,Always,84,73,84,241
159,3,Never,Always,Never,Always,Always,Always,Never,Always,Never,Never,Never,Never,Always,Always,Never,Always,Always,Always,Always,Never,Always,Always,Always,Always,Always,Always,Never,Very Often,Never,Always,Never,Always,Never,Rarely,Always,Always,84,73,83,240
159,4,Never,Always,Never,Always,Always,Always,Never,Always,Never,Never,Never,Never,Always,Always,Never,Always,Always,Always,Always,Never,Always,Always,Always,Always,Always,Always,Never,Always,Never,Always,Never,Always,Never,Never,Always,Always,84,72,84,240
160,1,Never,Always,Rarely,Very Often,Always,Always,Never,Very Often,Never,Never,Never,Never,Always,Always,Never,Very Often,Always,Always,Always,Never,Very Often,Always,Always,Always,Often,Very Often,Never,Sometimes,Never,Very Often,Never,Very Often,Never,Rarely,Always,Always,82,72,78,232
160,2,Often,Rarely,Often,Sometimes,Rarely,Rarely,Often,Occasionally,Often,Very Often,Often,Very Often,Always,Sometimes,Often,Never,Rarely,Very Often,Rarely,Very Often,Never,Never,Rarely,Never,Never,Never,Always,Rarely,Never,Rarely,Very Often,Never,Often,Often,Rarely,Never,37,26,25,88
161,1,Very Often,Never,Rarely,Never,Rarely,Never,Often,Sometimes,Very Often,Always,Always,Always,Rarely,Never,Very Often,Never,Often,Often,Occasionally,Often,Never,Never,Rarely,Never,Never,Rarely,Always,Never,Never,Never,Always,Never,Very Often,Often,Never,Sometimes,21,36,20,77
161,2,Very Often,Never,Rarely,Never,Never,Never,Rarely,Rarely,Often,Always,Always,Always,Often,Never,Very Often,Never,Rarely,Often,Never,Often,Never,Never,Never,Never,Never,Never,Always,Never,Never,Never,Always,Never,Very Often,Rarely,Never,Never,27,23,24,74
162,1,Rarely,Never,Very Often,Rarely,Very Often,Very Often,Never,Very Often,Rarely,Never,Rarely,Never,Often,Always,Never,Never,Very Often,Often,Very Often,Never,Rarely,Never,Always,Always,Never,Often,Never,Sometimes,Never,Never,Sometimes,Never,Never,Always,Sometimes,Very Often,56,62,47,165
162,2,Occasionally,Very Often,Very Often,Often,Often,Often,Sometimes,Very Often,Occasionally,Rarely,Rarely,Never,Sometimes,Always,Never,Often,Always,Sometimes,Always,Never,Often,Very Often,Very Often,Very Often,Often,Often,Never,Very Often,Never,Very Often,Often,Often,Sometimes,Often,Often,Always,59,63,64,186
162,3,Rarely,Always,Often,Always,Always,Very Often,Rarely,Always,Never,Never,Occasionally,Never,Often,Always,Never,Often,Always,Often,Always,Never,Often,Always,Always,Always,Always,Very Often,Never,Very Often,Never,Always,Sometimes,Always,Rarely,Sometimes,Always,Always,71,69,76,216
162,4,Rarely,Very Often,Sometimes,Always,Always,Very Often,Rarely,Always,Never,Never,Rarely,Never,Very Often,Always,Never,Very Often,Always,Very Often,Always,Never,Often,Always,Always,Always,Always,Always,Never,Always,Never,Always,Occasionally,Very Often,Rarely,Sometimes,Always,Always,75,69,76,220
163,1,Always,Never,Always,Never,Never,Never,Always,Never,Always,Always,Always,Always,Never,Always,Always,Never,Never,Never,Never,Never,Never,Never,Never,Never,Never,Never,Always,Never,Always,Never,Always,Never,Always,Always,Never,Never,12,30,18,60
164,1,Very Often,Never,Always,Never,Never,Rarely,Often,Rarely,Often,Very Often,Very Often,Often,Rarely,Sometimes,Often,Never,Rarely,Often,Rarely,Often,Never,Never,Never,Rarely,Never,Never,Very Often,Rarely,Never,Never,Very Often,Never,Very Often,Always,Never,Rarely,25,24,22,71
165,1,Never,Very Often,Always,Always,Always,Always,Never,Very Often,Never,Never,Never,Never,Very Often,Always,Never,Sometimes,Always,Always,Always,Never,Sometimes,Always,Always,Always,Often,Very Often,Never,Very Often,Never,Very Often,Rarely,Always,Never,Often,Very Often,Always,77,68,71,216
166,1,Always,Never,Always,Never,Never,Never,Never,Never,Always,Always,Always,Always,Never,Never,Always,Never,Never,Always,Never,Never,Never,Never,Never,Never,Never,Never,Always,Never,Always,Never,Always,Never,Always,Always,Never,Never,24,30,12,66
167,1,Often,Never,Very Often,Never,Never,Never,Often,Sometimes,Always,Always,Always,Always,Rarely,Never,Very Often,Never,Occasionally,Often,Rarely,Sometimes,Never,Never,Rarely,Never,Never,Never,Always,Never,Never,Never,Always,Never,Very Often,Always,Never,Rarely,21,31,13,65
168,1,Very Often,Never,Always,Never,Rarely,Never,Occasionally,Rarely,Often,Very Often,Always,Very Often,Never,Never,Sometimes,Never,Rarely,Often,Rarely,Often,Never,Never,Never,Never,Never,Never,Always,Never,Rarely,Never,Always,Never,Often,Always,Never,Never,25,26,16,67
169,1,Often,Never,Always,Never,Never,Never,Sometimes,Sometimes,Very Often,Very Often,Always,Always,Rarely,Never,Often,Never,Often,Sometimes,Occasionally,Sometimes,Never,Never,Rarely,Never,Never,Never,Always,Rarely,Never,Never,Very Often,Never,Often,Always,Never,Often,24,36,14,74
170,1,Never,Never,Always,Never,Always,Rarely,Never,Sometimes,Often,Never,Often,Often,Always,Sometimes,Never,Never,Very Often,Always,Very Often,Never,Rarely,Never,Rarely,Sometimes,Never,Often,Never,Occasionally,Never,Never,Never,Never,Never,Always,Occasionally,Often,55,57,32,144
170,2,Sometimes,Never,Always,Never,Rarely,Never,Often,Never,Very Often,Occasionally,Very Often,Often,Often,Never,Sometimes,Never,Often,Very Often,Often,Sometimes,Never,Never,Never,Never,Never,Occasionally,Very Often,Never,Often,Never,Very Often,Never,Often,Always,Never,Rarely,30,40,20,90
170,3,Rarely,Never,Very Often,Never,Very Often,Rarely,Never,Often,Sometimes,Never,Very Often,Never,Sometimes,Never,Never,Never,Often,Often,Very Often,Rarely,Never,Never,Sometimes,Never,Never,Often,Never,Sometimes,Never,Never,Very Often,Never,Never,Rarely,Never,Often,39,54,40,133
171,1,Sometimes,Never,Always,Never,Rarely,Sometimes,Rarely,Often,Often,Sometimes,Very Often,Often,Never,Always,Occasionally,Never,Always,Often,Often,Sometimes,Never,Never,Occasionally,Rarely,Never,Occasionally,Rarely,Rarely,Never,Never,Very Often,Sometimes,Often,Always,Never,Always,30,48,36,114
171,2,Always,Never,Always,Never,Never,Never,Occasionally,Often,Always,Very Often,Always,Always,Rarely,Rarely,Always,Never,Always,Often,Sometimes,Often,Never,Never,Very Often,Never,Never,Rarely,Always,Occasionally,Never,Never,Always,Never,Often,Very Often,Never,Always,23,43,15,81
172,1,Always,Never,Rarely,Never,Never,Never,Never,Never,Never,Always,Always,Always,Rarely,Never,Always,Never,Never,Always,Never,Always,Never,Never,Never,Never,Never,Never,Always,Never,Never,Never,Always,Never,Always,Rarely,Never,Never,25,18,28,71
173,1,Always,Never,Often,Never,Never,Always,Never,Never,Never,Always,Always,Very Often,Sometimes,Never,Always,Never,Never,Always,Never,Always,Never,Never,Never,Never,Never,Never,Always,Never,Often,Never,Always,Never,Very Often,Often,Never,Never,28,22,29,79
173,2,Always,Never,Very Often,Never,Never,Rarely,Rarely,Never,Always,Always,Always,Very Often,Rarely,Never,Always,Never,Never,Very Often,Never,Always,Never,Never,Never,Never,Never,Never,Always,Never,Very Often,Never,Always,Never,Very Often,Sometimes,Never,Never,24,23,18,65
173,3,Always,Never,Very Often,Never,Never,Rarely,Never,Never,Always,Always,Always,Always,Rarely,Never,Always,Never,Never,Always,Never,Always,Never,Never,Never,Never,Never,Never,Always,Never,Always,Never,Always,Never,Very Often,Never,Never,Never,26,24,20,70
173,4,Always,Never,Rarely,Never,Never,Never,Never,Never,Never,Always,Always,Always,Rarely,Never,Always,Never,Never,Often,Never,Always,Never,Never,Never,Never,Never,Never,Always,Never,Never,Never,Always,Never,Always,Often,Never,Never,23,18,25,66
174,1,Always,Never,Always,Never,Never,Never,Rarely,Never,Always,Always,Always,Always,Never,Never,Always,Never,Never,Very Often,Never,Never,Never,Never,Never,Never,Never,Never,Always,Never,Rarely,Never,Always,Never,Always,Always,Never,Never,22,25,12,59
175,1,Often,Never,Often,Never,Rarely,Rarely,Occasionally,Rarely,Often,Very Often,Always,Very Often,Never,Sometimes,Very Often,Never,Rarely,Often,Rarely,Often,Never,Never,Rarely,Never,Never,Never,Always,Never,Sometimes,Never,Always,Never,Very Often,Always,Never,Rarely,22,31,22,75
175,2,Very Often,Never,Never,Never,Never,Never,Rarely,Rarely,Sometimes,Always,Always,Very Often,Sometimes,Never,Always,Never,Rarely,Often,Rarely,Very Often,Never,Never,Rarely,Never,Never,Never,Always,Never,Never,Never,Always,Never,Often,Never,Never,Rarely,26,25,28,79
175,3,Always,Never,Always,Never,Never,Never,Very Often,Rarely,Often,Always,Always,Always,Often,Never,Always,Never,Rarely,Often,Never,Often,Never,Never,Rarely,Never,Never,Never,Always,Never,Rarely,Never,Always,Never,Very Often,Never,Never,Rarely,22,25,20,67
175,4,Always,Never,Rarely,Never,Never,Never,Rarely,Never,Often,Always,Always,Very Often,Always,Never,Always,Never,Never,Always,Never,Always,Never,Never,Never,Never,Never,Never,Always,Never,Never,Never,Always,Never,Very Often,Never,Never,Never,30,18,26,74
176,1,Very Often,Never,Always,Never,Never,Rarely,Very Often,Occasionally,Always,Always,Always,Very Often,Rarely,Sometimes,Very Often,Never,Sometimes,Always,Rarely,Often,Never,Never,Rarely,Never,Never,Never,Always,Rarely,Never,Never,Always,Never,Very Often,Always,Never,Sometimes,22,30,17,69
177,1,Never,Very Often,Sometimes,Always,Always,Always,Never,Always,Never,Never,Never,Never,Always,Always,Never,Very Often,Always,Always,Always,Never,Always,Always,Always,Always,Very Often,Always,Never,Always,Never,Always,Never,Always,Never,Rarely,Always,Always,82,72,79,233
177,2,Never,Always,Rarely,Always,Always,Always,Never,Always,Never,Never,Never,Never,Always,Always,Never,Always,Always,Always,Always,Never,Always,Always,Always,Always,Always,Always,Never,Always,Never,Always,Never,Always,Never,Occasionally,Always,Always,84,72,81,237
177,3,Never,Always,Rarely,Always,Always,Always,Rarely,Always,Never,Never,Never,Never,Always,Always,Never,Always,Always,Always,Always,Never,Always,Always,Always,Always,Always,Always,Never,Always,Never,Always,Rarely,Always,Rarely,Occasionally,Always,Always,81,72,81,234
177,4,Never,Always,Rarely,Always,Always,Always,Never,Always,Never,Never,Never,Never,Always,Always,Never,Always,Always,Always,Always,Never,Always,Always,Always,Always,Always,Always,Never,Always,Never,Always,Rarely,Always,Never,Rarely,Always,Always,83,72,82,237
178,1,Rarely,Never,Never,Never,Rarely,Never,Never,Occasionally,Never,Always,Always,Very Often,Always,Never,Very Often,Never,Occasionally,Always,Sometimes,Rarely,Never,Never,Rarely,Never,Never,Never,Always,Never,Never,Never,Never,Never,Often,Never,Never,Rarely,39,38,31,108
178,2,Sometimes,Never,Never,Never,Never,Never,Often,Rarely,Sometimes,Always,Always,Always,Often,Never,Always,Never,Sometimes,Very Often,Rarely,Never,Never,Never,Rarely,Never,Never,Never,Always,Never,Never,Never,Often,Never,Always,Never,Never,Sometimes,25,36,27,88
178,3,Often,Never,Never,Never,Never,Never,Rarely,Rarely,Never,Always,Always,Always,Often,Never,Always,Never,Rarely,Very Often,Never,Sometimes,Never,Never,Never,Never,Never,Never,Always,Never,Never,Never,Very Often,Never,Always,Never,Never,Rarely,27,26,30,83
179,1,Often,Never,Always,Never,Never,Never,Rarely,Rarely,Often,Always,Always,Always,Sometimes,Never,Often,Never,Rarely,Often,Rarely,Often,Never,Never,Rarely,Never,Never,Never,Always,Never,Never,Never,Very Often,Never,Rarely,Never,Never,Rarely,32,27,20,79
179,2,Always,Never,Always,Never,Never,Never,Very Often,Rarely,Always,Always,Always,Always,Rarely,Never,Always,Never,Never,Often,Rarely,Always,Never,Never,Rarely,Never,Never,Never,Always,Never,Never,Never,Always,Never,Always,Always,Never,Rarely,18,22,12,52
180,1,Always,Never,Always,Never,Never,Never,Always,Never,Always,Always,Always,Always,Never,Never,Always,Never,Never,Never,Never,Never,Never,Never,Never,Never,Never,Never,Always,Never,Always,Never,Always,Never,Always,Always,Never,Never,12,30,12,54
